Titulo: ABS Card | DM Sistemas | DM Sistemas 

Url: www.dmsistemas.com.br/abs-card 

Description: Um único portal para todos os benefícios. Conte com a tecnologia mais avançada para realizar a gestão da mobilidade urbana dos empregados de forma personalizada ...

Titulo: Rosangela Vieira | Professional Profile 

Url: https://www.linkedin.com/in/rosangela-vieira-747b4929 

Description: Meu atual desafio é focado na representação de software para gestão de benefícios ( AbsCard), onde sou canal de distribuição para Nordeste ( 2015).



Título: Sócia Coligada AbsCard


Conexões: 487


Setor: Higher Education


Local: Recife, Pernambuco, Brazil

Titulo: ABSCard Gestão de Benefícios - Home | Facebook 

Url: https://www.facebook.com/dmsistemas 

Description: ABSCard Gestão de Benefícios, Nova Lima. 708 likes. Há mais de 27 anos no Mercado, a DM Sistemas comercializa e implementa Soluções de Gestão de...

Titulo: ABSCard Gestão de Benefícios - Posts | Facebook 

Url: https://www.facebook.com/dmsistemas/posts 

Description: ABSCard Gestão de Benefícios, Nova Lima. 707 likes. Há mais de 27 anos no Mercado, a DM Sistemas comercializa e implementa Soluções de Gestão de...

Titulo: DM Sistemas | DM Sistemas 

Url: www.dmsistemas.com.br 

Description: Gestão de Benefícios sem dor de cabeça. Com o ABSCard sua empresa reduz custos e facilita a compra de benefícios. Tudo de forma centralizada e potencializando o ...

Titulo: IDEPO | Educação e Consultoria | Gestão de Benefícios e ... 

Url: idepo.com.br/gestao-de-beneficios-e-servicos-campinassp 

Description: GESTÃO DE BENEFÍCIOS E SERVIÇOS . INFORMAÇÕES GERAIS: Carga Horária: 8 horas presenciais + 1 hora coaching pós curso. Datas: 20/02/2016

Titulo: Cartilha de Automação Comercial - abscard.com.br 

Url: www.abscard.com.br/cartilha.htm 

Description: A organização interna de sua loja é fator decisivo para que a automação traga os benefícios ... de contas a pagar e a receber, gestão de recursos humanos e ...

Titulo: O que é - abscard.com.br 

Url: abscard.com.br/editorial2.htm 

Description: O uso do código EAN gera benefícios para a indústria, ... controle de estoque e gestão de preços, através de informações rápidas e precisas.

Titulo: Amanda Fontes - Suporte de atendimento ao usuário do ... 

Url: https://br.linkedin.com/in/amanda-fontes-21ba46ab 

Description: Utilização do sistema Abscard (Gestão de benefícios) para aquisição de vale transporte, para as empresas Walmart Brasil Vilma Alimentos, MRV Engenharia ...



Título: Tecnóloga em Gestão de RH


Conexões: 63


Setor: Recursos humanos


Local: Belo Horizonte, Minas Gerais, Brasil

Titulo: Gestão Administração de Benefícios - gestaosaude.adm.br 

Url: www.gestaosaude.adm.br 

Description: Comunicado importante para clientes com vigência até 20/10/2016! Clique aqui... DECLARAÇÃO DE IR Gestão informa: Está à disposição para visualização e ...

